CID,SMILES,calculated,measured
"4-methoxy-N,N-dimethyl-benzamide",COc1ccc(C(=O)N(C)C)cc1,-9.625,-11.01
methanesulfonyl chloride,CS(=O)(=O)Cl,-6.219,-4.87
3-methylbut-1-ene,C=CC(C)C,2.452,1.83
2-ethylpyrazine,CCc1cnccn1,-5.809,-5.45
heptan-1-ol,CCCCCCCO,-2.917,-4.21
"3,5-dimethylphenol",Cc1cc(C)cc(O)c1,-5.444,-6.27
"2,3-dimethylbutane",CC(C)C(C)C,2.468,2.34
2-methylpentan-2-ol,CCCC(C)(C)O,-2.779,-3.92
"1,2-dimethylcyclohexane",CC1CCCCC1C,1.685,1.58
butan-2-ol,CCC(C)O,-3.145,-4.62
dibromomethane,BrCBr,-0.405,-1.96
2-methylpentan-3-ol,CCC(O)C(C)C,-2.416,-3.88
2-ethylpyridine,CCc1ccccn1,-3.31,-4.33
ethyl pentanoate,CCCCC(=O)OCC,-3.11,-2.49
benzenethiol,Sc1ccccc1,-1.501,-2.55
"(2Z)-3,7-dimethylocta-2,6-dien-1-ol",CC(C)=CCCC(C)=CCO,-2.597,-4.78
indane,c1ccc2c(c1)CCC2,-1.752,-1.46
ethoxybenzene,CCOc1ccccc1,-2.254,-2.22
4-bromophenol,Oc1ccc(Br)cc1,-5.833,-5.85
"2,2-dimethylpentane",CCCC(C)(C)C,2.686,2.88
2-acetoxyethyl acetate,CC(=O)OCCOC(C)=O,-8.292,-6.34
ethion,CCOP(=S)(OCC)SCSP(=S)(OCC)OCC,-10.644,-6.1
cycloheptanol,OC1CCCCCC1,-4.345,-5.48
methyl cyclopropanecarboxylate,COC(=O)C1CC1,-3.604,-4.1
benzonitrile,N#Cc1ccccc1,-3.238,-4.1
pentanenitrile,CCCCC#N,-2.147,-3.52
2-methylpropan-2-ol,CC(C)(C)O,-3.288,-4.47
"2,4-dimethylpentan-3-one",CC(C)C(=O)C(C)C,-2.629,-2.74
propanal,CCC=O,-3.148,-3.43
"N,N-dimethylformamide",CN(C)C=O,-6.932,-7.81
p-xylene,Cc1ccc(C)cc1,-0.658,-0.8
"penta-1,4-diene",C=CCC=C,2.357,0.93
"2-(2,3-dimethylphenyl)aminobenzoic acid",Cc1cccc(Nc2ccccc2C(=O)O)c1C,-7.665,-6.78
"N,N-dimethylbenzamide",CN(C)C(=O)c1ccccc1,-8.113,-9.29
N-ethylethanamine,CCNCC,-2.986,-4.07
4-tert-butylphenol,CC(C)(C)c1ccc(O)cc1,-5.543,-5.91
isopentyl formate,CC(C)CCOC=O,-3.414,-2.13
decan-1-ol,CCCCCCCCCCO,-2.446,-3.64
ethyl propanoate,CCOC(=O)CC,-3.221,-2.68
nonane,CCCCCCCCC,3.221,3.13
N-methylacetamide,CNC(C)=O,-8.276,-10.0
non-1-ene,C=CCCCCCCC,2.995,2.06
naphthalen-2-ol,Oc1ccc2ccccc2c1,-7.849,-8.11
"1,2,4-trichlorobenzene",Clc1ccc(Cl)c(Cl)c1,-0.117,-1.12
"(2R,3R,4R,5R)-Hexan-1,2,3,4,5,6-hexol",OCC(O)C(O)C(O)C(O)CO,-18.162,-23.62
methyl butanoate,CCCC(=O)OC,-3.552,-2.83
2-hydroxybenzaldehyde,O=Cc1ccccc1O,-8.809,-4.68
azetidine,C1CNC1,-3.861,-5.56
N-propylpropan-1-amine,CCCNCCC,-2.233,-3.65
aniline,Nc1ccccc1,-5.543,-5.49
tetrafluoromethane,FC(F)(F)F,2.489,3.12
2-methylbutan-1-ol,CCC(C)CO,-2.995,-4.42
2-iodophenol,Oc1ccccc1I,-3.221,-6.2
"2,6-dimethoxyphenol",COc1cccc(OC)c1O,-7.393,-6.96
but-1-yne,C#CCC,0.284,-0.16
trifluoromethylbenzene,FC(F)(F)c1ccccc1,-0.57,-0.25
2-methylpyridine,Cc1ccccn1,-3.501,-4.63
simazine,CCNc1nc(Cl)nc(NCC)n1,-10.914,-10.22
"2,3-dichlorodibenzo-p-dioxin",Clc1cc2c(cc1Cl)Oc1ccccc1O2,-3.59,-3.56
octan-1-amine,CCCCCCCCN,-2.589,-3.65
"1,2-bis(trifluoromethyl)benzene",FC(F)(F)c1ccccc1C(F)(F)F,-1.441,1.07
methyl paraben,COC(=O)c1ccc(O)cc1,-9.785,-9.51
pentylbenzene,CCCCCc1ccccc1,-0.094,-0.23
"1,1-difluoroethane",CC(F)F,0.226,-0.11
5-Amino-4-chloro-2-phenylpyridazin-3(2H)-one,Nc1cnn(-c2ccccc2)c(=O)c1Cl,-16.039,-16.43
butadiene,C=CC=C,1.955,0.56
"N,N-dimethylmethanamine",CN(C)C,-2.636,-3.2
hexanamide,CCCCCC(N)=O,-8.103,-9.31
isobutyl nitrate,CC(C)CO[N+](=O)[O-],-1.835,-1.88
"1-(2-hydroxyethylamino)-9,10-anthraquinone",O=CCNc1cccc2c(O)c3ccccc3c(O)c12,-13.599,-14.21
2-(nitrooxy)ethan-1-ol,O=[N+]([O-])OCCO,-6.676,-8.18
octan-2-one,CCCCCCC(C)=O,-2.758,-2.88
1-methylpiperazine,CN1CCNCC1,-8.173,-7.77
ethanamine,CCN,-3.156,-4.5
"cyclohepta-1,3,5-triene",C1=CC=CCC=C1,-0.098,-0.99
"9,10-dihydroanthracene",c1ccc2c(c1)Cc1ccccc1C2,-4.304,-3.78
"1,1-dichloroethane",CC(Cl)Cl,0.187,-0.84
3-methoxyphenol,COc1cccc(O)c1,-6.969,-7.66
acenaphthene,c1cc2c3c(cccc3c1)CC2,-4.198,-3.15
1-bromooctane,CCCCCCCCBr,1.352,0.52
phenylmethanol,OCc1ccccc1,-5.133,-6.62
5-bromouracil,O=c1[nH]cc(Br)c(=O)[nH]1,-17.298,-18.17
n-butane,CCCC,2.588,2.1
chloromethane,CCl,0.764,-0.55
1-bromo-2-methyl-propane,CC(C)CBr,0.756,-0.03
2-isopropylsulfanylpropane,CC(C)SC(C)C,0.14,-1.21
heptane,CCCCCCC,2.925,2.67
imidazole,c1c[nH]cn1,-7.972,-9.63
"1,2,3,7-tetrachlorodibenzo-p-dioxin",Clc1ccc2c(c1)Oc1cc(Cl)c(Cl)c(Cl)c1O2,-2.66,-3.84
bromacil,CCC(C)n1c(=O)[nH]c(C)c(Br)c1=O,-14.496,-9.73
diiodomethane,ICI,-1.882,-2.49
"N,N-dipropyl(propylsulfanyl)formamide",CCCSC(=O)N(CCC)CCC,-4.569,-4.13
nitromethane,C[N+](=O)[O-],-2.075,-4.02
methoxyethane,CCOC,-0.71,-2.1
"2-chloro-1,1,1-trimethoxy-ethane",COC(CCl)(OC)OC,-3.638,-4.59
isobutane,CC(C)C,2.535,2.3
3-methylbutanoic acid,CC(C)CC(=O)O,-8.844,-6.09
"2-chloro-1-(2,4-dichlorophenyl)ethenyl diethyl phosphate",CCOP(=O)(OCC)OC(=CCl)c1ccc(Cl)cc1Cl,-9.029,-7.07
1-chloropropane,CCCCl,0.973,-0.33
1-propylsulfanylpropane,CCCSCCC,0.64,-1.28
hexan-3-ol,CCCC(O)CC,-2.585,-4.06
acetonitrile,CC#N,-2.789,-3.88
"N-methyl-N-(2,2,2-trifluoroethyl)aniline",CN(CC(F)(F)F)c1ccccc1,-3.964,-1.92
"2-chloro-2-(difluoromethoxy)-1,1,1-trifluoro-ethane",FC(F)OC(Cl)C(F)(F)F,-1.156,0.1
"hexa-1,5-diene",C=CCCC=C,2.487,1.01
m-xylene,Cc1cccc(C)c1,-0.697,-0.83
methyl acetate,COC(C)=O,-3.83,-3.13
trimethoxymethylbenzene,COC(OC)(OC)c1ccccc1,-5.559,-4.04
ethyl benzoate,CCOC(=O)c1ccccc1,-4.597,-3.64
propanethiol,CCCS,-0.182,-1.1
heptan-2-one,CCCCCC(C)=O,-2.945,-3.04
carbofuran,CNC(=O)Oc1cccc2c1OC(C)(C)C2,-11.126,-9.61
benzyl bromide,BrCc1ccccc1,-1.853,-2.38
ethyl hexanoate,CCCCCC(=O)OCC,-2.929,-2.23
1-methoxypropane,CCCOC,-0.598,-1.66
4-methylmorpholine,CN1CCOCC1,-5.774,-6.32
3-hydroxybenzonitrile,N#Cc1cccc(O)c1,-7.739,-9.65
"1,2,4,5-tetrachloro-3-(3,4-dichlorophenyl)benzene",Clc1ccc(-c2c(Cl)c(Cl)cc(Cl)c2Cl)cc1Cl,-0.705,-4.38
propylbenzene,CCCc1ccccc1,-0.511,-0.53
caffeine,Cn1c(=O)c2c(ncn2C)n(C)c1=O,-17.621,-12.64
N-methylmethanamine,CNC,-2.991,-4.29
"1,1,2,3,3,3-hexafluoroprop-1-ene",FC(F)=C(F)C(F)(F)F,2.305,2.93
4-chlorophenol,Oc1ccc(Cl)cc1,-5.373,-7.03
piperidine,C1CCNCC1,-3.873,-5.11
phenanthrene,c1ccc2c(c1)ccc1ccccc12,-5.264,-3.88
iodomethane,CI,-0.641,-0.89
"3,5-dichloro-2,6-dimethoxyphenol",COc1c(Cl)cc(Cl)c(OC)c1O,-5.98,-6.44
"(E)-1,2-dichloroethylene",ClC=CCl,1.024,-0.78
n-pentane,CCCCC,2.673,2.3
butanenitrile,CCCC#N,-2.287,-3.64
"2-bromo-1,1,1,2-tetrafluoro-ethane",FC(Br)C(F)(F)F,0.234,0.5
2-isobutylpyrazine,CC(C)Cc1cnccn1,-5.495,-5.04
[(2S)-butan-2-yl] nitrate,CCC(C)O[N+](=O)[O-],-1.864,-1.82
"1,4-dichloro-2-phenyl-benzene",Clc1ccc(Cl)c(-c2ccccc2)c1,-1.903,-2.46
"1,2,3,4-tetrachloro-5-phenyl-benzene",Clc1cc(-c2ccccc2)c(Cl)c(Cl)c1Cl,-1.31,-3.48
"2,3-dimethylpentane",CCC(C)C(C)C,2.625,2.52
4-methylpentan-2-ol,CC(C)CC(C)O,-2.907,-3.73
tetrahydropyran,C1CCOCC1,-1.809,-3.12
cyclopropane,C1CC1,2.485,0.75
"1,2,3,4-tetrachloro-5-(3,4,5-trichlorophenyl)benzene",Clc1cc(-c2cc(Cl)c(Cl)c(Cl)c2Cl)cc(Cl)c1Cl,-0.822,-3.17
"1,1-dichloroethylene",C=C(Cl)Cl,1.108,0.25
2-methylpropan-1-ol,CC(C)CO,-3.13,-4.5
propyl propanoate,CCCOC(=O)CC,-2.453,-2.44
hexachloroethane,ClC(Cl)(Cl)C(Cl)(Cl)Cl,0.885,-0.64
methylsulfanylbenzene,CSc1ccccc1,-1.325,-2.73
2-ethylphenol,CCc1ccccc1O,-4.768,-5.66
2-chloro-2-methyl-propane,CC(C)(C)Cl,0.826,1.09
isoprene,C=CC(=C)C,1.824,0.68
1-isopropyl-4-methyl-benzene,Cc1ccc(C(C)C)cc1,-0.456,-0.68
1-methylimidazole,Cn1ccnc1,-6.282,-8.41
ethylene glycol,OCCO,-7.266,-9.3
"1,2-dichlorobenzene",Clc1ccccc1Cl,-0.553,-1.36
6-chlorouracil,O=c1cc(Cl)[nH]c(=O)[nH]1,-15.128,-15.83
propyl formate,CCCOC=O,-3.699,-2.48
2-chlorodibenzo-p-dioxin,Clc1ccc2c(c1)Oc1ccccc1O2,-4.054,-3.1
hexanoic acid,CCCCCC(=O)O,-7.878,-6.21
diethyl butanedioate,CCOC(=O)CCC(=O)OCC,-8.683,-5.71
"2,4-dimethylpyridine",Cc1ccnc(C)c1,-3.282,-4.86
cyclohexene,C1=CCCCC1,1.175,0.14
"1,4-dimethylpiperazine",CN1CCN(C)CC1,-7.874,-7.58
"1,2,3,4-tetrachloro-5-(3,4-dichlorophenyl)benzene",Clc1ccc(-c2cc(Cl)c(Cl)c(Cl)c2Cl)cc1Cl,-1.083,-3.04
quinone,O=C1C=CC(=O)C=C1,-6.96,-6.5
methyl 2-chloroacetate,COC(=O)CCl,-3.816,-4.0
butanal,CCCC=O,-3.044,-3.18
ethylbenzene,CCc1ccccc1,-0.606,-0.79
"1,1,2-trichloroethylene",ClC=C(Cl)Cl,0.818,-0.44
"N,N-diethylethanamine",CCN(CC)CC,-1.955,-3.22
"1,2,3,4,7-pentachlorodibenzo-p-dioxin",Clc1ccc2c(c1)Oc1c(Cl)c(Cl)c(Cl)c(Cl)c1O2,-2.31,-4.15
"3,4-dimethylpyridine",Cc1ccncc1C,-3.201,-5.22
cyanuric acid,O=c1[nH]c(=O)[nH]c(=O)[nH]1,-21.762,-18.06
benzaldehyde,O=Cc1ccccc1,-5.058,-4.02
2-chloropyridine,Clc1ccccn1,-3.873,-4.39
3-chloroprop-1-ene,C=CCCl,0.944,-0.57
1-(p-tolyl)ethanone,CC(=O)c1ccc(C)cc1,-4.91,-4.7
formaldehyde,C=O,-3.155,-2.75
1-chloro-2-methyl-benzene,Cc1ccccc1Cl,-0.473,-1.14
1-pyrrolidin-1-ylethanone,CC(=O)N1CCCC1,-7.831,-9.8
"1,1,1-trimethoxyethane",COC(C)(OC)OC,-3.7,-4.42
butylbenzene,CCCCc1ccccc1,-0.227,-0.4
"N,N-dimethylaniline",CN(C)c1ccccc1,-4.426,-3.45
2-methoxypropane,COC(C)C,-0.657,-2.01
"1,2,3,4,6,7,8,9-octachlorodibenzo-p-dioxin",Clc1c(Cl)c(Cl)c2c(c1Cl)Oc1c(Cl)c(Cl)c(Cl)c(Cl)c1O2,-1.147,-4.53
"1,2,3,4,5-pentachloro-6-(2,3,4,5,6-pentachlorophenyl)benzene",Clc1c(Cl)c(Cl)c(-c2c(Cl)c(Cl)c(Cl)c(Cl)c2Cl)c(Cl)c1Cl,0.76,-2.98
"1,1,2-trichloroethane",ClCC(Cl)Cl,-0.384,-1.99
N-methylaniline,CNc1ccccc1,-5.719,-4.69
isopropyl acetate,CC(=O)OC(C)C,-3.371,-2.64
benzene,c1ccccc1,-0.806,-0.9
"1,2,3-trichlorobenzene",Clc1cccc(Cl)c1Cl,-0.51,-1.24
4-chlorophenyl)sulfanylmethylsulfanyl-diethoxy-thioxo-$l^{5}-phosphane,CCOP(=S)(OCC)SCSc1ccc(Cl)cc1,-7.024,-6.5
"3-(dimethoxyphosphinothioylsulfanylmethyl)-1,2,3-benzotriazin-4-one",COP(=S)(OC)SCn1nnc2ccccc2c1=O,-14.106,-10.03
"1,2,4-trichlorodibenzo-p-dioxin",Clc1cc(Cl)c2c(c1Cl)Oc1ccccc1O2,-3.16,-4.05
"2,3-dimethylbuta-1,3-diene",C=C(C)C(=C)C,1.862,0.4
hex-1-ene,C=CCCCC,2.628,1.58
ethoxyethane,CCOCC,-0.617,-1.59
"2-N-ethyl-6-(methylsulfanyl)-4-N-(propan-2-yl)-1,3,5-triazine-2,4-diamine",CCNc1nc(NC(C)C)nc(SC)n1,-10.552,-7.65
butyl paraben,CCCCOC(=O)c1ccc(O)cc1,-8.771,-8.72
hexyl acetate,CCCCCCOC(C)=O,-2.219,-2.26
cyclopentanone,O=C1CCCC1,-3.889,-4.7
pentanoic acid,CCCCC(=O)O,-9.053,-6.16
bromoethane,CCBr,0.487,-0.74
"2,6-dimethylnaphthalene",Cc1ccc2cc(C)ccc2c1,-2.848,-2.63
hexan-1-ol,CCCCCCO,-3.0,-4.4
1-chloro-2-phenyl-benzene,Clc1ccccc1-c1ccccc1,-2.508,-2.69
1-methylcyclohexene,CC1=CCCCC1,1.338,0.67
hexyl nitrate,CCCCCCO[N+](=O)[O-],-1.596,-1.66
bromoform,BrC(Br)Br,-0.531,-2.13
4-ethylphenol,CCc1ccc(O)cc1,-5.453,-6.13
2-propoxyethanol,CCCOCCO,-3.94,-6.4
phenyl formate,O=COc1ccccc1,-5.442,-3.82
5-iodouracil,O=c1[nH]cc(I)c(=O)[nH]1,-17.742,-18.72
butyric acid,CCCC(=O)O,-9.434,-6.35
"1,1,1-trifluoro-2,2,2-trimethoxyethane",COC(OC)(OC)C(F)(F)F,-2.319,-0.8
"(2S,3R,4S,5R)-oxane-2,3,4,5-tetrol",OC1COC(O)C(O)C1O,-14.148,-20.52
bromo-trifluoro-methane,FC(F)(F)Br,1.564,1.79
butan-1-ol,CCCCO,-3.232,-4.72
fluorobenzene,Fc1ccccc1,-0.041,-0.8
ethyl acetate,CCOC(C)=O,-3.745,-2.94
isobutyl 2-methylpropanoate,CC(C)COC(=O)C(C)C,-2.58,-1.69
2-methoxy-2-methyl-propane,COC(C)(C)C,-0.691,-2.21
heptachlor,ClC1=C(Cl)C2(Cl)C3C(Cl)C=CC3C1(Cl)C2(Cl)Cl,-0.974,-2.55
pentan-3-one,CCC(=O)CC,-3.05,-3.41
"methyl 2,2,2-trifluoroacetate",COC(=O)C(F)(F)F,-1.353,-1.1
naphthalene,c1ccc2ccccc2c1,-3.213,-2.4
"1,2,3,4-tetrachloro-5-(2,3,4-trichlorophenyl)benzene",Clc1ccc(-c2cc(Cl)c(Cl)c(Cl)c2Cl)c(Cl)c1Cl,-0.805,-4.4
acetylsalicylic acid,CC(=O)Oc1ccccc1C(=O)O,-9.399,-9.94
"3,3-dimethylbutan-2-one",CC(=O)C(C)(C)C,-3.234,-3.11
methyl methanesulfonate,COS(C)(=O)=O,-8.824,-4.87
4-ethylpyridine,CCc1ccncc1,-3.19,-4.73
N-isopropylpropan-2-amine,CC(C)NC(C)C,-1.985,-3.22
"2,7-dichlorodibenzo-p-dioxin",Clc1ccc2c(c1)Oc1ccc(Cl)cc1O2,-3.321,-3.67
heptan-1-amine,CCCCCCCN,-2.554,-3.79
methylcyclopentane,CC1CCCC1,1.785,1.59
propane,CCC,2.495,2.0
2-methyltetrahydrofuran,CC1CCCO1,-1.984,-3.3
naphthalen-1-yl N-methylcarbamate,CNC(=O)Oc1cccc2ccccc12,-10.436,-9.45
3-hydroxybenzaldehyde,O=Cc1cccc(O)c1,-9.369,-9.52
anthracene,c1ccc2cc3ccccc3cc2c1,-5.187,-3.95
dichloromethane,ClCCl,0.038,-1.31
"methyl 2,2-dimethylpropanoate",COC(=O)C(C)(C)C,-3.304,-2.4
trichloro(nitro)methane,O=[N+]([O-])C(Cl)(Cl)Cl,-0.379,-1.45
sulfolane,O=S1(=O)CCCC1,-9.624,-8.61
"2,6-dimethylphenol",Cc1cccc(C)c1O,-4.308,-5.26
m-cresol,Cc1cccc(O)c1,-5.378,-5.49
"1-amino-4-hydroxy-9,10-anthracenedione",Nc1ccc(O)c2c1C(=O)c1ccccc1C2=O,-10.984,-9.53
"1,4-diamino-9,10-anthracenedione",Nc1ccc(N)c2c1C(=O)c1ccccc1C2=O,-15.252,-11.85
nonan-2-one,CCCCCCCC(C)=O,-2.563,-2.49
butan-1-amine,CCCCN,-2.961,-4.24
ethyl butanoate,CCCC(=O)OCC,-3.381,-2.49
4-methylaniline,Cc1ccc(N)cc1,-5.494,-5.57
1-iodohexane,CCCCCCI,0.043,0.08
"1,1,2-trichloro-1,2,2-trifluoro-ethane",FC(F)(Cl)C(F)(Cl)Cl,1.691,1.77
trimethyl phosphate,COP(=O)(OC)OC,-10.642,-8.7
"1,3-dichlorobenzene",Clc1cccc(Cl)c1,-0.11,-0.98
"1,3-dimethylnaphthalene",Cc1cc(C)c2ccccc2c1,-2.995,-2.47
isohexane,CCCC(C)C,2.808,2.51
chlorpyrifos,CCOP(=S)(OCC)Oc1nc(Cl)c(Cl)cc1Cl,-9.625,-5.04
"2-chloro-1,1,1-trifluoro-ethane",FC(F)(F)CCl,0.233,0.06
ethylene,C=C,2.328,1.28
1-iodopentane,CCCCCI,-0.111,-0.14
trimethoxymethane,COC(OC)OC,-4.625,-4.42
decane,CCCCCCCCCC,3.335,3.16
"1,2-dinitroxypropane",CC(CO[N+](=O)[O-])O[N+](=O)[O-],-5.646,-4.95
prop-1-ene,C=CC,2.328,1.32
3-methyl-1H-indole,Cc1c[nH]c2ccccc12,-8.161,-5.88
"(1R)-2,2,2-trichloro-1-dimethoxyphosphoryl-ethanol",COP(=O)(OC)C(O)C(Cl)(Cl)Cl,-13.424,-12.74
cyclohexane,C1CCCCC1,1.503,1.23
cumene,CC(C)c1ccccc1,-0.674,-0.3
"2,3,4-trimethylpentane",CC(C)C(C)C(C)C,2.674,2.56
3-methylbutan-2-one,CC(=O)C(C)C,-3.078,-3.24
N-butylbutan-1-amine,CCCCNCCCC,-2.076,-3.24
butane-1-thiol,CCCCS,-0.174,-0.99
"1,2,3,4-tetrachlorodibenzo-p-dioxin",Clc1c(Cl)c(Cl)c2c(c1Cl)Oc1ccccc1O2,-2.775,-3.81
"2,6-dichlorosyringaldehyde",COc1c(O)c(OC)c(Cl)c(C=O)c1Cl,-9.846,-8.68
cyclohexanamine,NC1CCCCC1,-3.953,-4.59
chloro-difluoro-methane,FC(F)Cl,-0.067,-0.5
methyl 4-nitrobenzoate,COC(=O)c1ccc([N+](=O)[O-])cc1,-6.588,-6.88
1-(3-pyridyl)ethanone,CC(=O)c1cccnc1,-7.844,-8.26
prop-1-yne,C#CC,0.065,-0.48
nonanal,CCCCCCCCC=O,-2.336,-2.07
propionic acid,CCC(=O)O,-9.088,-6.46
chloroform,ClC(Cl)Cl,0.285,-1.08
"1,2,3-trimethylbenzene",Cc1cccc(C)c1C,-0.883,-1.21
methane,C,2.446,2.0
benzyl chloride,ClCc1ccccc1,-1.742,-1.93
methylcyclohexane,CC1CCCCC1,1.679,1.7
2-methylthiophene,Cc1cccs1,-0.3,-1.38
pyridine,c1ccncc1,-3.508,-4.69
1-chlorobutane,CCCCCl,0.993,-0.16
"2,5-dimethyltetrahydrofuran",CC1CCC(C)O1,-1.787,-2.92
4-methyl-2-methoxyphenol,COc1cc(C)ccc1O,-4.547,-5.8
chlordane,ClC1=C(Cl)C2(Cl)C3C(Cl)CC(Cl)C3C1(Cl)C2(Cl)Cl,-3.23,-3.44
toluene,Cc1ccccc1,-0.79,-0.9
isobutyl formate,CC(C)COC=O,-3.458,-2.22
ethyl paraben,CCOC(=O)c1ccc(O)cc1,-9.535,-9.2
"1,2-diethoxyethane",CCOCCOCC,-3.42,-3.54
pentyl propanoate,CCCCCOC(=O)CC,-2.176,-2.11
4-propylphenol,CCCc1ccc(O)cc1,-5.211,-5.21
2-methylbut-2-ene,CC=C(C)C,2.272,1.31
"1,2-dichloroethane",ClCCCl,-0.363,-1.79
"3,3-dimethylpentane",CCC(C)(C)CC,2.593,2.56
"2,3-dimethylnaphthalene",Cc1cc2ccccc2cc1C,-2.953,-2.78
"2,6-dimethylpyridine",Cc1cccc(C)n1,-3.443,-4.59
"2,2-dichloro-1,1-difluoro-1-methoxy-ethane",COC(F)(F)C(Cl)Cl,-0.685,-1.12
2-ethoxyethyl acetate,CCOCCOC(C)=O,-5.751,-5.31
3-methoxyaniline,COc1cccc(N)c1,-7.201,-7.29
pyridine-3-carbaldehyde,O=Cc1cccnc1,-7.425,-7.1
2-methylbutan-2-ol,CCC(C)(C)O,-2.933,-4.43
alachlor,CCc1cccc(CC)c1N(COC)C(=O)CCl,-6.851,-8.21
1-methylpyrrole,Cn1cccc1,-2.374,-2.89
dimethoxymethane,COCOC,-3.221,-2.93
pentan-3-ol,CCC(O)CC,-2.786,-4.35
undecan-2-one,CCCCCCCCCC(C)=O,-2.201,-2.15
1-bromo-2-chloro-ethane,ClCCBr,-0.8,-1.95
iodobenzene,Ic1ccccc1,-1.057,-1.74
"3,5,5-trimethylcyclohex-2-en-1-one",CC1=CC(=O)CC(C)(C)C1,-4.088,-5.18
iodoethane,CCI,-0.609,-0.74
4-propylguaiacol,CCCc1ccc(O)c(OC)c1,-4.127,-5.26
2-bromopropane,CC(C)Br,0.448,-0.48
1-bromo-4-methyl-benzene,Cc1ccc(Br)cc1,-0.894,-1.39
4-hydroxybenzonitrile,N#Cc1ccc(O)cc1,-8.39,-10.17
methylsulfonylmethane,CS(C)(=O)=O,-10.559,-10.08
3-ethylphenol,CCc1cccc(O)c1,-5.272,-6.25
"(1S,5R)-2-methyl-5-(1-methylethenyl)-2-cyclohexen-1-ol",C=C(C)C1CC=C(C)C(O)C1,-3.257,-4.44
"1,4-dibromobenzene",Brc1ccc(Br)cc1,-1.091,-2.3
dicamba,COc1c(Cl)ccc(Cl)c1C(=O)O,-8.658,-9.86
pent-2-ene,CC=CCC,2.374,1.31
ethane,CC,2.465,1.83
"1,2-dimethoxybenzene",COc1ccccc1OC,-4.055,-5.33
ethylsulfanylethane,CCSCC,0.299,-1.46
pyridine-3-carbonitrile,N#Cc1cccnc1,-5.582,-6.75
"3,4-dichlorophenol",Oc1ccc(Cl)c(Cl)c1,-5.139,-7.29
anisole,COc1ccccc1,-2.318,-2.45
"2,5-dimethylphenol",Cc1ccc(C)c(O)c1,-5.014,-5.91
"1,4-dichlorobenzene",Clc1ccc(Cl)cc1,-0.19,-1.01
chloro-fluoro-methane,FCCl,-0.171,-0.77
pent-1-ene,C=CCCC,2.532,1.68
"1,2,3,4-tetrachlorobenzene",Clc1ccc(Cl)c(Cl)c1Cl,-0.304,-1.34
hept-1-yne,C#CCCCCC,0.639,0.6
decan-2-one,CCCCCCCCC(C)=O,-2.573,-2.34
chlorobenzene,Clc1ccccc1,-0.475,-1.12
[2-benzhydryloxyethyl]-dimethyl-amine,CN(C)CCOC(c1ccccc1)c1ccccc1,-7.873,-9.34
pentanal,CCCCC=O,-2.927,-3.03
diphenyl ether,c1ccc(Oc2ccccc2)cc1,-2.81,-2.87
cyclohexanone,O=C1CCCCC1,-4.18,-4.91
1-nitrobutane,CCCC[N+](=O)[O-],-1.449,-3.09
pyridine-4-carbaldehyde,O=Cc1ccncc1,-7.338,-7.0
1-chloro-2-(2-chloroethoxy)ethane,ClCCOCCCl,-2.248,-4.23
1-nitroethane,CC[N+](=O)[O-],-1.839,-3.71
3-chloropyridine,Clc1cccnc1,-2.767,-4.01
bromomethane,CBr,0.46,-0.82
methanol,CO,-3.491,-5.1
heptanal,CCCCCCC=O,-2.704,-2.67
"1,3-dichloro-2-(2,6-dichlorophenyl)benzene",Clc1cccc(Cl)c1-c1c(Cl)cccc1Cl,-1.226,-2.28
2-nitroaniline,Nc1ccccc1[N+](=O)[O-],-7.66,-7.37
1-methylpiperidine,CN1CCCCC1,-3.467,-3.88
octanal,CCCCCCCC=O,-2.57,-2.29
nitrobenzene,O=[N+]([O-])c1ccccc1,-3.46,-4.12
"(2S,5R)-2-isopropyl-5-methylcyclohexanone",CC1CCC(C(C)C)C(=O)C1,-3.523,-2.53
"(2R,3R,4S,5S,6R)-6-(hydroxymethyl)tetrahydropyran-2,3,4,5-tetrol",OCC1OC(O)C(O)C(O)C1O,-18.095,-25.47
fluoromethane,CF,0.881,-0.22
methylsulfinylmethane,C[S+](C)[O-],-8.243,-9.28
dibenzo-p-dioxin,c1ccc2c(c1)Oc1ccccc1O2,-4.9,-3.15
2-methylaniline,Cc1ccccc1N,-5.325,-5.53
1-bromobutane,CCCCBr,0.705,-0.4
nonan-1-ol,CCCCCCCCCO,-2.564,-3.88
4-methylpyridine,Cc1ccncc1,-3.343,-4.93
"1,1,2,2-tetrachloroethylene",ClC(Cl)=C(Cl)Cl,1.328,0.1
2-bromo-2-methyl-propane,CC(C)(C)Br,0.438,0.84
"1,1-diphenylethene",C=C(c1ccccc1)c1ccccc1,-2.47,-2.78
1-ethyl-4-methyl-benzene,CCc1ccc(C)cc1,-0.575,-0.95
3-methylpyridine,Cc1cccnc1,-3.221,-4.77
"1,1,1,2-tetramethoxyethane",COCC(OC)(OC)OC,-5.436,-5.73
9H-fluorene,c1ccc2c(c1)Cc1ccccc1-2,-4.269,-3.35
acetamide,CC(N)=O,-8.82,-9.71
dimethyl sulfate,COS(=O)(=O)OC,-8.411,-5.1
"1,1,2,2-tetrachloroethane",ClC(Cl)C(Cl)Cl,-0.534,-2.37
methyl cyclohexanecarboxylate,COC(=O)C1CCCCC1,-4.376,-3.3
1-bromohexane,CCCCCCBr,1.076,0.18
1-bromoheptane,CCCCCCCBr,1.223,0.34
1-chlorodibenzo-p-dioxin,Clc1cccc2c1Oc1ccccc1O2,-4.473,-3.52
"3,3,3-trimethoxypropanenitrile",COC(CC#N)(OC)OC,-5.859,-6.4
2-chlorobutane,CCC(C)Cl,0.927,0.0
hexylbenzene,CCCCCCc1ccccc1,-0.1,-0.04
2-chlorosyringaldehyde,COc1cc(C=O)c(Cl)c(OC)c1O,-8.292,-7.78
m-bis(trifluoromethyl)benzene,FC(F)(F)c1cccc(C(F)(F)F)c1,-0.34,1.07
1-benzylimidazole,c1ccc(Cn2ccnc2)cc1,-7.997,-7.63
naphthalen-1-amine,Nc1cccc2ccccc12,-7.777,-7.28
diethyl propanedioate,CCOC(=O)CC(=O)OCC,-6.716,-6.0
1-cyclopropylethanone,CC(=O)C1CC1,-3.043,-4.61
pyrrole,c1cc[nH]c1,-4.014,-4.78
diflunisal,O=C(O)c1cc(-c2ccc(F)cc2F)ccc1O,-6.613,-9.4
"1,4-dimethylcyclohexane",CC1CCC(C)CC1,1.918,2.11
cyclohexanol,OC1CCCCC1,-4.178,-5.46
Amitriptyline,CN(C)CCC=C1c2ccccc2CCc2ccccc21,-7.349,-7.43
4-fluorophenol,Oc1ccc(F)cc1,-4.955,-6.19
2-chloroaniline,Nc1ccccc1Cl,-4.847,-4.91
"1,2,4-trimethylbenzene",Cc1ccc(C)c(C)c1,-0.795,-0.86
1-ethyl-2-methylbenzene,CCc1ccccc1C,-0.761,-0.85
"(2R,5R)-2-methyl-5-(1-methylethenyl)-cyclohexanone",C=C(C)C1CCC(C)C(=O)C1,-3.344,-3.75
biphenyl,c1ccc(-c2ccccc2)cc1,-3.143,-2.7
"2,3-dimethylphenol",Cc1cccc(O)c1C,-5.148,-6.16
methylparathion,COP(=S)(OC)Oc1ccc([N+](=O)[O-])cc1,-10.466,-7.19
diethoxy-(4-nitrophenoxy)-thioxo-$l^{5}-phosphane,CCOP(=S)(OCC)Oc1ccc([N+](=O)[O-])cc1,-9.211,-6.74
"1-N,1-N-diethyl-2,6-dinitro-4-(trifluoromethyl)benzene-1,3-diamine",CCN(CC)c1c([N+](=O)[O-])cc(C(F)(F)F)c(N)c1[N+](=O)[O-],-7.503,-5.66
methylsulfanylmethane,CSC,0.44,-1.61
ketoprofen,CC(C(=O)O)c1cccc(C(=O)c2ccccc2)c1,-17.242,-10.78
cyclopentanol,OC1CCCC1,-4.29,-5.49
methyl pentanoate,CCCCC(=O)OC,-3.492,-2.56
2-methylpent-1-ene,C=C(C)CCC,2.486,1.47
flurbiprofen,CC(C(=O)O)c1ccc(-c2ccccc2)c(F)c1,-13.953,-8.42
nitralin,CCCN(CCC)c1c([N+](=O)[O-])cc(S(C)(=O)=O)cc1[N+](=O)[O-],-11.246,-7.98
chloroethylene,C=CCl,1.162,-0.59
"N,N-4-trimethylbenzamide",Cc1ccc(C(=O)N(C)C)cc1,-8.081,-9.76
heptan-4-one,CCCC(=O)CCC,-2.704,-2.92
methyl benzoate,COC(=O)c1ccccc1,-4.921,-3.92
4-methylbenzaldehyde,Cc1ccc(C=O)cc1,-5.014,-4.27
propyl butanoate,CCCOC(=O)CCC,-2.754,-2.28
piperazine,C1CNCCN1,-8.481,-7.4
dialifor,CCOP(=S)(OCC)SC(CCl)N1C(=O)c2ccccc2C1=O,-16.515,-5.74
2-ethoxyethanol,CCOCCO,-4.407,-6.69
3-methylpentane,CCC(C)CC,2.613,2.51
2-methylpyrazine,Cc1cnccn1,-6.161,-5.51
1-nitropropane,CCC[N+](=O)[O-],-1.632,-3.34
mesitylene,Cc1cc(C)cc(C)c1,-0.553,-0.9
5-fluorouracil,O=c1[nH]cc(F)c(=O)[nH]1,-16.371,-16.92
ethanol,CCO,-3.394,-5.0
"1,4-dimethylnaphthalene",Cc1ccc(C)c2ccccc12,-3.081,-2.82
"2,3,7,8-tetrachlorodibenzo-p-dioxin",Clc1cc2c(cc1Cl)Oc1cc(Cl)c(Cl)cc1O2,-2.54,-3.37
dichlobenil,N#Cc1c(Cl)cccc1Cl,-3.32,-4.71
ethyl formate,CCOC=O,-3.867,-2.56
"1,2,4,5-tetrachlorobenzene",Clc1cc(Cl)c(Cl)cc1Cl,0.035,-1.34
diethoxymethoxybenzene,CCOC(OCC)Oc1ccccc1,-5.203,-5.23
3-nitrophenol,O=[N+]([O-])c1cccc(O)c1,-7.889,-9.62
octan-1-ol,CCCCCCCCO,-2.69,-4.09
but-1-ene,C=CCC,2.367,1.38
carbon tetrachloride,ClC(Cl)(Cl)Cl,1.185,0.08
2-phenylethanol,OCCc1ccccc1,-5.28,-6.79
fenuron,CN(C)C(=O)Nc1ccccc1,-11.81,-9.13
methyldisulfanylmethane,CSSC,-0.093,-1.83
captan,Oc1c2c(c(O)n1SC(Cl)(Cl)Cl)CC=CC2,-8.718,-9.01
"2,3-diacetoxypropyl acetate",CC(=O)OCC(COC(C)=O)OC(C)=O,-12.333,-8.84
methoxymethane,COC,-0.853,-1.91
hexane,CCCCCC,2.851,2.48
"1,2-dibromoethane",BrCCBr,-1.275,-2.33
"1,1,1,2,2-pentachloroethane",ClC(Cl)C(Cl)(Cl)Cl,0.059,-1.23
5-trifluoromethyluracil,O=c1[nH]cc(C(F)(F)F)c(=O)[nH]1,-17.349,-15.46
"2,6-dimethylaniline",Cc1cccc(C)c1N,-5.57,-5.21
propyl acetate,CCCOC(C)=O,-3.486,-2.79
quinoline,c1ccc2ncccc2c1,-4.989,-5.72
ethanethiol,CCS,-0.395,-1.14
ethyldisulfanylethane,CCSSCC,-0.979,-1.64
thiophene,c1ccsc1,-0.359,-1.4
1-ethylnaphthalene,CCc1cccc2ccccc12,-2.961,-2.4
pentan-2-one,CCCC(C)=O,-3.166,-3.52
"1,2,3,4-tetrachloro-5-(2,3,4,6-tetrachlorophenyl)benzene",Clc1cc(-c2c(Cl)cc(Cl)c(Cl)c2Cl)c(Cl)c(Cl)c1Cl,-0.039,-4.61
profluralin,CCCN(CC1CC1)c1c([N+](=O)[O-])cc(C(F)(F)F)cc1[N+](=O)[O-],-1.956,-2.45
acetaldehyde,CC=O,-3.372,-3.5
3-nitroaniline,Nc1cccc([N+](=O)[O-])c1,-8.204,-8.84
hex-1-yne,C#CCCCC,0.553,0.29
2-methoxyaniline,COc1ccccc1N,-6.771,-6.12
phenol,Oc1ccccc1,-5.707,-6.6
propanenitrile,CCC#N,-2.491,-3.84
naphthalen-1-ol,Oc1cccc2ccccc12,-7.137,-7.67
butyl acetate,CCCCOC(C)=O,-3.406,-2.64
aldicarb,CNC(=O)ON=CC(C)(C)SC,-9.679,-9.84
o-cresol,Cc1ccccc1O,-5.076,-5.9
2-methylpropanal,CC(C)C=O,-2.968,-2.86
propionamide,CCC(N)=O,-8.31,-9.4
1-bromopropane,CCCBr,0.579,-0.56
2-chloropropane,CC(C)Cl,0.833,-0.25
"1,3-dichloropropane",ClCCCCl,-0.416,-1.89
4-nitrophenol,O=[N+]([O-])c1ccc(O)cc1,-8.472,-10.64
"1,2-dichloropropane",CC(Cl)CCl,-0.265,-1.27
4-chloroaniline,Nc1ccc(Cl)cc1,-5.281,-5.9
"1-amino-9,10-anthracenedione",Nc1cccc2c1C(=O)c1ccccc1C2=O,-12.214,-9.44
"2,3-dimethylpyridine",Cc1cccnc1C,-3.367,-4.82
pyridine-4-carbonitrile,N#Cc1ccncc1,-5.765,-6.02
diethoxy-(ethylsulfanylmethylsulfanyl)-thioxo-$l^{5}-phosphane,CCOP(=S)(OCC)SCSCC,-6.427,-4.37
1-cyclohexylethanone,CC(=O)C1CCCCC1,-4.003,-3.9
2-methylbenzaldehyde,Cc1ccccc1C=O,-4.554,-3.93
1-(4-pyridyl)ethanone,CC(=O)c1ccncc1,-7.566,-7.62
"1,2,3,4,7,8-hexachlorodibenzo-p-dioxin",Clc1cc2c(cc1Cl)Oc1c(Cl)c(Cl)c(Cl)c(Cl)c1O2,-1.878,-3.71
acetone,CC(C)=O,-3.506,-3.8
2-methylprop-1-ene,C=C(C)C,2.327,1.16
"1,2,3-trichloro-5-(2,5-dichlorophenyl)benzene",Clc1ccc(Cl)c(-c2cc(Cl)c(Cl)c(Cl)c2)c1,-0.922,-3.61
1-nitropentane,CCCCC[N+](=O)[O-],-1.325,-2.82
(2E)-hex-2-enal,CCCC=CC=O,-3.123,-3.68
"N,N-dimethyl-4-nitro-benzamide",CN(C)C(=O)c1ccc([N+](=O)[O-])cc1,-10.036,-11.95
tetrahydrofuran,C1CCOC1,-2.201,-3.47
octane,CCCCCCCC,3.088,2.88
trifluralin,CCCN(CCC)c1c([N+](=O)[O-])cc(C(F)(F)F)cc1[N+](=O)[O-],-2.023,-3.25
"(3R)-3,7-Dimethylocta-1,6-dien-3-yl acetate",C=CC(C)(CCC=C(C)C)OC(C)=O,-2.964,-2.49
"1,3-bis-(nitrooxy)butane",CC(CCO[N+](=O)[O-])O[N+](=O)[O-],-4.944,-4.29
2-isopropoxypropane,CC(C)OC(C)C,-0.178,-0.53
2-methylhexane,CCCCC(C)C,2.894,2.93
pentachloronitrobenzene,O=[N+]([O-])c1c(Cl)c(Cl)c(Cl)c(Cl)c1Cl,-1.284,-5.22
"2-bromo-2-chloro-1,1,1-trifluoro-ethane",FC(F)(F)C(Cl)Br,0.206,-0.11
1-butoxybutane,CCCCOCCCC,0.139,-0.83
pentylcyclopentane,CCCCCC1CCCC1,2.381,2.55
"2,4-dimethylpentane",CC(C)CC(C)C,2.756,2.83
"2,5-dimethylpyridine",Cc1ccc(C)nc1,-3.165,-4.72
but-2-enal,CC=CC=O,-3.341,-4.22
3-methylhexane,CCCC(C)CC,2.81,2.71
"1,3,5-trichloro-2-(2,6-dichlorophenyl)benzene",Clc1cc(Cl)c(-c2c(Cl)cccc2Cl)c(Cl)c1,-0.477,-1.96
"1,2,2-trifluoroethoxybenzene",FC(F)C(F)Oc1ccccc1,-3.043,-1.29
"1,2-dimethoxyethane",COCCOC,-3.103,-4.84
sec-butylbenzene,CCC(C)c1ccccc1,-0.22,-0.45
3-phenylpropan-1-ol,OCCCc1ccccc1,-5.771,-6.92
"2-[(1R)-1-methylpropyl]-4,6-dinitro-phenolate",CCC(C)c1cc([N+](=O)[O-])cc([N+](=O)[O-])c1O,-5.378,-6.23
methyl 4-methoxybenzoate,COC(=O)c1ccc(OC)cc1,-6.462,-5.33
"N-(3,4-dichlorophenyl)propanimidic acid",CCC(=O)Nc1ccc(Cl)c(Cl)c1,-9.409,-7.78
naproxen,COc1ccc2cc(C(C)C(=O)O)ccc2c1,-12.199,-10.21
octafluorocyclobutane,FC1(F)C(F)(F)C(F)(F)C1(F)F,3.077,3.43
isopentyl acetate,CC(=O)OCCC(C)C,-3.067,-2.21
1-chlorohexane,CCCCCCCl,1.261,0.0
4-methylpentan-2-one,CC(=O)CC(C)C,-3.116,-3.05
hexanal,CCCCCC=O,-2.86,-2.81
3-chloroaniline,Nc1cccc(Cl)c1,-5.138,-5.82
morpholine,C1COCCN1,-6.116,-7.17
"1,1-diethoxyethane",CCOC(C)OCC,-1.795,-3.28
"N-butyl-N-ethyl-2,6-dinitro-4-(trifluoromethyl)aniline",CCCCN(CC)c1c([N+](=O)[O-])cc(C(F)(F)F)cc1[N+](=O)[O-],-2.303,-3.51
methanethiol,CS,-0.273,-1.2
endosulfan alpha,O=S1OCC2C(CO1)C1(Cl)C(Cl)=C(Cl)C2(Cl)C1(Cl)Cl,-9.785,-4.23
1-(4-methoxyphenyl)ethanone,COc1ccc(C(C)=O)cc1,-6.575,-4.4
prop-2-en-1-ol,C=CCO,-3.286,-5.03
methylsulfanylethane,CCSC,0.386,-1.5
pentyl acetate,CCCCCOC(C)=O,-2.565,-2.51
"1,2,3,5-tetrachlorobenzene",Clc1cc(Cl)c(Cl)c(Cl)c1,0.136,-1.62
1-phenylethanone,CC(=O)c1ccccc1,-5.078,-4.58
chloroethane,CCCl,0.775,-0.63
propylcyclopentane,CCCC1CCCC1,2.102,2.13
"1,3,5-trichlorobenzene",Clc1cc(Cl)cc(Cl)c1,0.326,-0.78
propyl paraben,CCCOC(=O)c1ccc(O)cc1,-8.945,-9.37
3-chlorophenol,Oc1cccc(Cl)c1,-5.018,-6.62
3-methylbutan-1-ol,CC(C)CCO,-3.237,-4.42
pentan-1-amine,CCCCCN,-2.835,-4.09
terbacil,Cc1[nH]c(=O)n(C(C)(C)C)c(=O)c1Cl,-13.769,-11.14
"2,2,5-trimethylhexane",CC(C)CCC(C)(C)C,2.97,2.93
2-butoxyethanol,CCCCOCCO,-3.85,-6.25
endrin,ClC1=C(Cl)C2(Cl)C3C4CC(C5OC45)C3C1(Cl)C2(Cl)Cl,-5.179,-4.82
benzamide,NC(=O)c1ccccc1,-10.412,-11.0
2-nitropropane,CC(C)[N+](=O)[O-],-1.741,-3.13
glycerol,OCC(O)CO,-10.14,-13.43
1-iodopropane,CCCI,-0.443,-0.53
2-methoxyethanamine,COCCN,-5.027,-6.55
"1,1,1,2-tetrachloroethane",ClCC(Cl)(Cl)Cl,-0.091,-1.43
methyl propanoate,CCC(=O)OC,-3.652,-2.93
cyclopentane,C1CCCC1,1.648,1.2
3-ethylpyridine,CCc1cccnc1,-2.965,-4.59
"3,5-dimethylpyridine",Cc1cncc(C)c1,-2.869,-4.84
2-methoxyethanol,COCCO,-4.686,-6.619999999999999
methyl formate,COC=O,-4.028,-2.78
naphthalen-2-amine,Nc1ccc2ccccc2c1,-8.003,-7.47
4-methyl-1H-imidazole,Cc1c[nH]cn1,-8.205,-10.27
1-methyl-3-nitro-benzene,Cc1cccc([N+](=O)[O-])c1,-3.278,-3.45
"1,4-dichlorobutane",ClCCCCCl,-0.404,-2.32
nitroxyacetone,CC(=O)CO[N+](=O)[O-],-5.362,-5.99
tert-butylbenzene,CC(C)(C)c1ccccc1,-0.803,-0.44
methyl hexanoate,CCCCCC(=O)OC,-3.299,-2.49
"1,1,1-trifluoropropan-2-ol",CC(O)C(F)(F)F,-3.518,-4.16
1-bromo-pentane,CCCCCBr,0.824,-0.1
oct-1-ene,C=CCCCCCC,2.895,1.92
6-isopropyl-3-methyl-1-cyclohex-2-enone,CC1=CC(=O)C(C(C)C)CC1,-3.825,-4.51
propan-2-ol,CC(C)O,-3.427,-4.74
hexan-1-amine,CCCCCCN,-2.772,-3.95
3-nitrooxypropyl nitrate,O=[N+]([O-])OCCCO[N+](=O)[O-],-5.322,-4.8
"2,4-dimethylphenol",Cc1ccc(O)c(C)c1,-4.98,-6.01
pentan-1-ol,CCCCCO,-3.054,-4.57
pentan-2-ol,CCCC(C)O,-2.945,-4.39
3-methylheptane,CCCCC(C)CC,3.03,2.97
ibuprofen,CC(C)Cc1ccc(C(C)C(=O)O)cc1,-10.857,-7.0
diethyl (2R)-2-dimethoxyphosphinothioylsulfanylbutanedioate,CCOC(=O)CC(SP(=S)(OC)OC)C(=O)OCC,-11.194,-8.15
"3,4-dimethylphenol",Cc1ccc(O)cc1C,-5.471,-6.5
4-chloro-3-methyl-phenol,Cc1cc(O)ccc1Cl,-5.14,-6.79
hept-2-ene,CC=CCCCC,2.78,1.68
1-propoxypropane,CCCOCCC,-0.004,-1.16
"(1R,2S,5R)-2-isopropyl-5-methylcyclohexanol",CC1CCC(C(C)C)C(O)C1,-3.35,-3.2
terbutryn,CCNc1nc(NC(C)(C)C)nc(SC)n1,-9.271,-6.68
"2,2,4-trimethylpentane",CC(C)CC(C)(C)C,2.542,2.89
nonan-5-one,CCCCC(=O)CCCC,-2.364,-2.64
pebulate,CCCCN(CC)C(=O)SCCC,-4.573,-3.64
hept-1-ene,C=CCCCCC,2.761,1.66
isopropyl formate,CC(C)OC=O,-3.591,-2.02
1-acetoxyethyl acetate,CC(=O)OC(C)OC(C)=O,-8.006,-4.97
5-chlorouracil,O=c1[nH]cc(Cl)c(=O)[nH]1,-16.612,-17.74
isopropenylbenzene,C=C(C)c1ccccc1,-0.651,-1.24
isopentane,CCC(C)C,2.59,2.38
butyl nitrate,CCCCO[N+](=O)[O-],-1.938,-2.09
bromobenzene,Brc1ccccc1,-0.947,-1.46
"1,1,1-trichloroethane",CC(Cl)(Cl)Cl,0.505,-0.19
4-(1-Methylethenyl)-1-cyclohexene-1-carboxaldehyde,C=C(C)C1CC=C(C=O)CC1,-3.591,-4.09
1-methyl-2-nitro-benzene,Cc1ccccc1[N+](=O)[O-],-3.133,-3.58
1-iodoheptane,CCCCCCCI,0.228,0.27
pyrene,c1cc2ccc3cccc4ccc(c1)c2c34,-6.79,-4.52
1-chloro-pentane,CCCCCCl,1.084,-0.1
isobutyl acetate,CC(=O)OCC(C)C,-2.896,-2.36
"2,2-dimethylbutane",CCC(C)(C)C,2.495,2.51
4-nitroaniline,Nc1ccc([N+](=O)[O-])cc1,-9.416,-9.82
methyl 2-cyanoacetate,COC(=O)CC#N,-6.36,-6.72
4-methoxyaniline,COc1ccc(N)cc1,-7.016,-7.48
isobutylbenzene,CC(C)Cc1ccccc1,-0.257,0.16
"1,3,5-trichloro-2-phenyl-benzene",Clc1cc(Cl)c(-c2ccccc2)c(Cl)c1,-1.151,-2.16
methanamine,CN,-3.583,-4.55
2-chlorophenol,Oc1ccccc1Cl,-3.317,-4.55
"2-amino-9,10-anthraquinone",Nc1ccc2c(c1)C(=O)c1ccccc1C2=O,-13.895,-11.53
hexan-2-one,CCCCC(C)=O,-3.006,-3.28
"1,2-dinitroxyethane",O=[N+]([O-])OCCO[N+](=O)[O-],-6.227,-5.73
2-fluorophenol,Oc1ccccc1F,-3.346,-5.29
pirimor,Cc1nc(N(C)C)nc(OC(=O)N(C)C)c1C,-13.87,-9.41
styrene,C=Cc1ccccc1,-1.078,-1.24
triethylphosphate,CCOP(=O)(OCC)OCC,-10.251,-7.5
"2,2,2-trifluoroethanol",OCC(F)(F)F,-3.809,-4.31
1-butoxy-2-propanol,CCCCOCC(C)O,-3.891,-5.73
propan-1-ol,CCCO,-3.33,-4.85
o-xylene,Cc1ccccc1C,-0.851,-0.9
neopentane,CC(C)(C)C,2.506,2.51
pent-1-yne,C#CCCC,0.47,0.01
phthalimide,O=C1NC(=O)c2ccccc21,-11.825,-9.61
1-iodobutane,CCCCI,-0.223,-0.25
p-cresol,Cc1ccc(O)cc1,-5.579,-6.13
2-iodopropane,CC(C)I,-0.492,-0.46
2-methoxyphenol,COc1ccccc1O,-4.746,-5.94
cyclopentene,C1=CCCC1,1.23,0.56
propan-1-amine,CCCN,-3.053,-4.39
2-nitrophenol,O=[N+]([O-])c1ccccc1O,-5.667,-4.58
1-methylnaphthalene,Cc1cccc2ccccc12,-3.212,-2.44
hexachlorobenzene,Clc1c(Cl)c(Cl)c(Cl)c(Cl)c1Cl,0.379,-2.33
oct-2-enal,CCCCCC=CC=O,-2.706,-3.43
oct-1-yne,C#CCCCCCC,0.832,0.71
diazinon,CCOP(=S)(OCC)Oc1cc(C)nc(C(C)C)n1,-10.753,-6.48
methyl octanoate,CCCCCCCC(=O)OC,-3.035,-2.04
pyrrolidine,C1CCNC1,-4.278,-5.48
4-hydroxybenzaldehyde,O=Cc1ccc(O)cc1,-10.05,-8.83
1-chloroheptane,CCCCCCCCl,1.467,0.29
"1,4-dioxane",C1COCCO1,-4.269,-5.06
